Year,Strata,Strata_Name,Count
2014,Total Population,Total Population,4259.0
2014,Gender,Female,985.0
2014,Gender,Male,3274.0
2014,Race-Ethnicity,American Indian/Alaska Native,19.0
2014,Race-Ethnicity,Asian,342.0
2014,Race-Ethnicity,Black,129.0
2014,Race-Ethnicity,Hawaiian/Pacific Islander,14.0
2014,Race-Ethnicity,Hispanic,742.0
2014,Race-Ethnicity,Multi-Race,83.0
2014,Race-Ethnicity,White,2913.0
2014,Race-Ethnicity,Other/Unknown,17.0
2014,Total Population,Total Population,4182.0
2014,Gender,Female,976.0
2014,Gender,Male,3206.0
2014,Race-Ethnicity,American Indian/Alaska Native,19.0
2014,Race-Ethnicity,Asian,337.0
2014,Race-Ethnicity,Black,127.0
2014,Race-Ethnicity,Hawaiian/Pacific Islander,14.0
2014,Race-Ethnicity,Hispanic,734.0
2014,Race-Ethnicity,Multi-Race,83.0
2014,Race-Ethnicity,White,2852.0
2014,Race-Ethnicity,Other/Unknown,16.0
2015,Total Population,Total Population,4235.0
2015,Gender,Female,1013.0
2015,Gender,Male,3222.0
2015,Race-Ethnicity,American Indian/Alaska Native,19.0
2015,Race-Ethnicity,Asian,354.0
2015,Race-Ethnicity,Black,152.0
2015,Race-Ethnicity,Hawaiian/Pacific Islander,
2015,Race-Ethnicity,Hispanic,766.0
2015,Race-Ethnicity,Multi-Race,76.0
2015,Race-Ethnicity,White,2852.0
2015,Race-Ethnicity,Other/Unknown,
2015,Total Population,Total Population,4196.0
2015,Gender,Female,1010.0
2015,Gender,Male,3186.0
2015,Race-Ethnicity,American Indian/Alaska Native,18.0
2015,Race-Ethnicity,Asian,357.0
2015,Race-Ethnicity,Black,148.0
2015,Race-Ethnicity,Hawaiian/Pacific Islander,
2015,Race-Ethnicity,Hispanic,767.0
2015,Race-Ethnicity,Multi-Race,73.0
2015,Race-Ethnicity,White,2818.0
2015,Race-Ethnicity,Other/Unknown,
2016,Total Population,Total Population,4328.0
2016,Gender,Female,1020.0
2016,Gender,Male,3308.0
2016,Race-Ethnicity,American Indian/Alaska Native,32.0
2016,Race-Ethnicity,Asian,370.0
2016,Race-Ethnicity,Black,154.0
2016,Race-Ethnicity,Hawaiian/Pacific Islander,
2016,Race-Ethnicity,Hispanic,850.0
2016,Race-Ethnicity,Multi-Race,97.0
2016,Race-Ethnicity,White,2803.0
2016,Race-Ethnicity,Other/Unknown,
2016,Total Population,Total Population,4299.0
2016,Gender,Female,1000.0
2016,Gender,Male,3299.0
2016,Race-Ethnicity,American Indian/Alaska Native,32.0
2016,Race-Ethnicity,Asian,364.0
2016,Race-Ethnicity,Black,153.0
2016,Race-Ethnicity,Hawaiian/Pacific Islander,
2016,Race-Ethnicity,Hispanic,853.0
2016,Race-Ethnicity,Multi-Race,98.0
2016,Race-Ethnicity,White,2777.0
2016,Race-Ethnicity,Other/Unknown,
2017,Total Population,Total Population,4368.0
2017,Gender,Female,970.0
2017,Gender,Male,3398.0
2017,Race-Ethnicity,American Indian/Alaska Native,27.0
2017,Race-Ethnicity,Asian,372.0
2017,Race-Ethnicity,Black,172.0
2017,Race-Ethnicity,Hawaiian/Pacific Islander,21.0
2017,Race-Ethnicity,Hispanic,907.0
2017,Race-Ethnicity,Multi-Race,95.0
2017,Race-Ethnicity,White,2756.0
2017,Race-Ethnicity,Other/Unknown,18.0
2017,Total Population,Total Population,4319.0
2017,Gender,Female,960.0
2017,Gender,Male,3359.0
2017,Race-Ethnicity,American Indian/Alaska Native,26.0
2017,Race-Ethnicity,Asian,373.0
2017,Race-Ethnicity,Black,168.0
2017,Race-Ethnicity,Hawaiian/Pacific Islander,21.0
2017,Race-Ethnicity,Hispanic,901.0
2017,Race-Ethnicity,Multi-Race,93.0
2017,Race-Ethnicity,White,2721.0
2017,Race-Ethnicity,Other/Unknown,16.0
2018,Total Population,Total Population,4551.0
2018,Gender,Female,1004.0
2018,Gender,Male,3547.0
2018,Race-Ethnicity,American Indian/Alaska Native,27.0
2018,Race-Ethnicity,Asian,405.0
2018,Race-Ethnicity,Black,179.0
2018,Race-Ethnicity,Hawaiian/Pacific Islander,14.0
2018,Race-Ethnicity,Hispanic,991.0
2018,Race-Ethnicity,Multi-Race,100.0
2018,Race-Ethnicity,White,2808.0
2018,Race-Ethnicity,Other/Unknown,27.0
2018,Total Population,Total Population,4495.0
2018,Gender,Female,1008.0
2018,Gender,Male,3487.0
2018,Race-Ethnicity,American Indian/Alaska Native,24.0
2018,Race-Ethnicity,Asian,396.0
2018,Race-Ethnicity,Black,177.0
2018,Race-Ethnicity,Hawaiian/Pacific Islander,14.0
2018,Race-Ethnicity,Hispanic,989.0
2018,Race-Ethnicity,Multi-Race,101.0
2018,Race-Ethnicity,White,2769.0
2018,Race-Ethnicity,Other/Unknown,25.0
2019,Total Population,Total Population,4469.0
2019,Gender,Female,957.0
2019,Gender,Male,3511.0
2019,Race-Ethnicity,American Indian/Alaska Native,18.0
2019,Race-Ethnicity,Asian,379.0
2019,Race-Ethnicity,Black,202.0
2019,Race-Ethnicity,Hawaiian/Pacific Islander,16.0
2019,Race-Ethnicity,Hispanic,953.0
2019,Race-Ethnicity,Multi-Race,85.0
2019,Race-Ethnicity,White,2792.0
2019,Race-Ethnicity,Other/Unknown,24.0
2019,Total Population,Total Population,4447.0
2019,Gender,Female,957.0
2019,Gender,Male,3490.0
2019,Race-Ethnicity,American Indian/Alaska Native,19.0
2019,Race-Ethnicity,Asian,378.0
2019,Race-Ethnicity,Black,202.0
2019,Race-Ethnicity,Hawaiian/Pacific Islander,20.0
2019,Race-Ethnicity,Hispanic,948.0
2019,Race-Ethnicity,Multi-Race,85.0
2019,Race-Ethnicity,White,2773.0
2019,Race-Ethnicity,Other/Unknown,22.0
2020,Total Population,Total Population,4171.0
2020,Gender,Female,924.0
2020,Gender,Male,3247.0
2020,Race-Ethnicity,American Indian/Alaska Native,15.0
2020,Race-Ethnicity,Asian,393.0
2020,Race-Ethnicity,Black,210.0
2020,Race-Ethnicity,Hawaiian/Pacific Islander,16.0
2020,Race-Ethnicity,Hispanic,944.0
2020,Race-Ethnicity,Multi-Race,84.0
2020,Race-Ethnicity,White,2480.0
2020,Race-Ethnicity,Other/Unknown,29.0
2020,Total Population,Total Population,4145.0
2020,Gender,Female,921.0
2020,Gender,Male,3224.0
2020,Race-Ethnicity,American Indian/Alaska Native,13.0
2020,Race-Ethnicity,Asian,388.0
2020,Race-Ethnicity,Black,204.0
2020,Race-Ethnicity,Hawaiian/Pacific Islander,17.0
2020,Race-Ethnicity,Hispanic,942.0
2020,Race-Ethnicity,Multi-Race,85.0
2020,Race-Ethnicity,White,2471.0
2020,Race-Ethnicity,Other/Unknown,25.0
2021,Total Population,Total Population,4174.0
2021,Gender,Female,892.0
2021,Gender,Male,3281.0
2021,Gender,Nonbinary/Unknown,
2021,Race-Ethnicity,American Indian/Alaska Native,31.0
2021,Race-Ethnicity,Asian,384.0
2021,Race-Ethnicity,Black,210.0
2021,Race-Ethnicity,Hawaiian/Pacific Islander,14.0
2021,Race-Ethnicity,Hispanic,1013.0
2021,Race-Ethnicity,Multi-Race,94.0
2021,Race-Ethnicity,White,2401.0
2021,Race-Ethnicity,Other/Unknown,27.0
2021,Total Population,Total Population,4150.0
2021,Gender,Female,889.0
2021,Gender,Male,3260.0
2021,Gender,Nonbinary/Unknown,
2021,Race-Ethnicity,American Indian/Alaska Native,28.0
2021,Race-Ethnicity,Asian,397.0
2021,Race-Ethnicity,Black,208.0
2021,Race-Ethnicity,Hawaiian/Pacific Islander,13.0
2021,Race-Ethnicity,Hispanic,1027.0
2021,Race-Ethnicity,Multi-Race,87.0
2021,Race-Ethnicity,White,2367.0
2021,Race-Ethnicity,Other/Unknown,23.0
2022,Total Population,Total Population,4401.0
2022,Gender,Female,954.0
2022,Gender,Male,3441.0
2022,Gender,Nonbinary/Unknown,
2022,Race-Ethnicity,American Indian/Alaska Native,17.0
2022,Race-Ethnicity,Asian,414.0
2022,Race-Ethnicity,Black,220.0
2022,Race-Ethnicity,Hawaiian/Pacific Islander,22.0
2022,Race-Ethnicity,Hispanic,1026.0
2022,Race-Ethnicity,Multi-Race,113.0
2022,Race-Ethnicity,White,2557.0
2022,Race-Ethnicity,Other/Unknown,32.0
2022,Total Population,Total Population,4278.0
2022,Gender,Female,924.0
2022,Gender,Male,3348.0
2022,Gender,Nonbinary/Unknown,
2022,Race-Ethnicity,American Indian/Alaska Native,17.0
2022,Race-Ethnicity,Asian,406.0
2022,Race-Ethnicity,Black,201.0
2022,Race-Ethnicity,Hawaiian/Pacific Islander,21.0
2022,Race-Ethnicity,Hispanic,1005.0
2022,Race-Ethnicity,Multi-Race,112.0
2022,Race-Ethnicity,White,2487.0
2022,Race-Ethnicity,Other/Unknown,29.0
