Year,Strata_Name,Count
2014,Asian,679.0
2014,Black,256.0
2014,Hispanic,1476.0
2014,Minorities,265.0
2014,White,5765.0
2015,Asian,711.0
2015,Black,300.0
2015,Hispanic,1533.0
2015,Minorities,186.0
2015,White,5670.0
2016,Asian,734.0
2016,Black,307.0
2016,Hispanic,1703.0
2016,Minorities,259.0
2016,White,5580.0
2017,Asian,745.0
2017,Black,340.0
2017,Hispanic,1808.0
2017,Minorities,317.0
2017,White,5477.0
2018,Asian,801.0
2018,Black,356.0
2018,Hispanic,1980.0
2018,Minorities,332.0
2018,White,5577.0
2019,Asian,757.0
2019,Black,404.0
2019,Hispanic,1901.0
2019,Minorities,289.0
2019,White,5565.0
2020,Asian,781.0
2020,Black,414.0
2020,Hispanic,1886.0
2020,Minorities,284.0
2020,White,4951.0
2021,Asian,781.0
2021,Black,418.0
2021,Hispanic,2040.0
2021,Minorities,317.0
2021,White,4768.0
2022,Asian,820.0
2022,Black,421.0
2022,Hispanic,2031.0
2022,Minorities,363.0
2022,White,5044.0
